ScenarioName,Year,Driver,Region,Value,Unit,SourceVariable,Baseline,Sigma,StandardizedValue
Net Zero 2050,2025,CarbonPrice,Asia-Pacific (developed),9.542874794399976,US$2010/t CO2,Price|Carbon,0.0,5.509581331389721,1.7320508075688774
Delayed transition,2025,CarbonPrice,Asia-Pacific (developed),0.0,US$2010/t CO2,Price|Carbon,0.0,5.509581331389721,0.0
Current Policies,2025,CarbonPrice,Asia-Pacific (developed),0.0,US$2010/t CO2,Price|Carbon,0.0,5.509581331389721,0.0
Net Zero 2050,2030,CarbonPrice,Asia-Pacific (developed),117.32326174145469,US$2010/t CO2,Price|Carbon,0.0,67.73661674863378,1.7320508075688774
Delayed transition,2030,CarbonPrice,Asia-Pacific (developed),0.0,US$2010/t CO2,Price|Carbon,0.0,67.73661674863378,0.0
Current Policies,2030,CarbonPrice,Asia-Pacific (developed),0.0,US$2010/t CO2,Price|Carbon,0.0,67.73661674863378,0.0
Net Zero 2050,2040,CarbonPrice,Asia-Pacific (developed),421.20372276130894,US$2010/t CO2,Price|Carbon,0.0,210.60286398238085,1.9999904787455647
Delayed transition,2040,CarbonPrice,Asia-Pacific (developed),211.727428684036,US$2010/t CO2,Price|Carbon,0.0,210.60286398238085,1.0053397407822016
Current Policies,2040,CarbonPrice,Asia-Pacific (developed),0.0,US$2010/t CO2,Price|Carbon,0.0,210.60286398238085,0.0
Net Zero 2050,2050,CarbonPrice,Asia-Pacific (developed),1496.2368908187834,US$2010/t CO2,Price|Carbon,0.0,770.0179003869332,1.943119621072349
Delayed transition,2050,CarbonPrice,Asia-Pacific (developed),1063.933384358783,US$2010/t CO2,Price|Carbon,0.0,770.0179003869332,1.3816995472756641
Current Policies,2050,CarbonPrice,Asia-Pacific (developed),0.0,US$2010/t CO2,Price|Carbon,0.0,770.0179003869332,0.0
Net Zero 2050,2025,CarbonPrice,Asia-Pacific (emerging),55.309002522065924,US$2010/t CO2,Price|Carbon,1.1995776575735762,31.240091011210485,1.7320508075688774
Delayed transition,2025,CarbonPrice,Asia-Pacific (emerging),1.1995776575735762,US$2010/t CO2,Price|Carbon,1.1995776575735762,31.240091011210485,0.0
Current Policies,2025,CarbonPrice,Asia-Pacific (emerging),1.1995776575735762,US$2010/t CO2,Price|Carbon,1.1995776575735762,31.240091011210485,0.0
Net Zero 2050,2030,CarbonPrice,Asia-Pacific (emerging),152.62541790986938,US$2010/t CO2,Price|Carbon,1.593420101716136,87.19836459078424,1.7320508075688774
Delayed transition,2030,CarbonPrice,Asia-Pacific (emerging),1.593420101716136,US$2010/t CO2,Price|Carbon,1.593420101716136,87.19836459078424,0.0
Current Policies,2030,CarbonPrice,Asia-Pacific (emerging),1.593420101716136,US$2010/t CO2,Price|Carbon,1.593420101716136,87.19836459078424,0.0
Net Zero 2050,2040,CarbonPrice,Asia-Pacific (emerging),325.11803902674353,US$2010/t CO2,Price|Carbon,1.910867177462341,161.70049646255893,1.9988013575710846
Delayed transition,2040,CarbonPrice,Asia-Pacific (emerging),153.81936580976725,US$2010/t CO2,Price|Carbon,1.910867177462341,161.70049646255893,0.9394436130718912
Current Policies,2040,CarbonPrice,Asia-Pacific (emerging),1.910867177462341,US$2010/t CO2,Price|Carbon,1.910867177462341,161.70049646255893,0.0
Net Zero 2050,2050,CarbonPrice,Asia-Pacific (emerging),886.6646096703391,US$2010/t CO2,Price|Carbon,2.431911626716431,448.5503292195852,1.9713121147008494
Delayed transition,2050,CarbonPrice,Asia-Pacific (emerging),313.4315366509136,US$2010/t CO2,Price|Carbon,2.431911626716431,448.5503292195852,0.6933438786351868
Current Policies,2050,CarbonPrice,Asia-Pacific (emerging),2.431911626716431,US$2010/t CO2,Price|Carbon,2.431911626716431,448.5503292195852,0.0
Net Zero 2050,2025,CarbonPrice,Europe,19.392222619554534,US$2010/t CO2,Price|Carbon,0.0,11.19610494958496,1.7320508075688772
Delayed transition,2025,CarbonPrice,Europe,0.0,US$2010/t CO2,Price|Carbon,0.0,11.19610494958496,0.0
Current Policies,2025,CarbonPrice,Europe,0.0,US$2010/t CO2,Price|Carbon,0.0,11.19610494958496,0.0
Net Zero 2050,2030,CarbonPrice,Europe,92.41707403145439,US$2010/t CO2,Price|Carbon,0.0,53.35702256977777,1.7320508075688772
Delayed transition,2030,CarbonPrice,Europe,0.0,US$2010/t CO2,Price|Carbon,0.0,53.35702256977777,0.0
Current Policies,2030,CarbonPrice,Europe,0.0,US$2010/t CO2,Price|Carbon,0.0,53.35702256977777,0.0
Net Zero 2050,2040,CarbonPrice,Europe,379.0647077082543,US$2010/t CO2,Price|Carbon,0.0,189.68630475957903,1.9983767841790474
Delayed transition,2040,CarbonPrice,Europe,176.29818717943635,US$2010/t CO2,Price|Carbon,0.0,189.68630475957903,0.9294196932292415
Current Policies,2040,CarbonPrice,Europe,0.0,US$2010/t CO2,Price|Carbon,0.0,189.68630475957903,0.0
Net Zero 2050,2050,CarbonPrice,Europe,1408.4364535390666,US$2010/t CO2,Price|Carbon,0.0,704.3143591701714,1.9997270184843274
Delayed transition,2050,CarbonPrice,Europe,724.3730489367003,US$2010/t CO2,Price|Carbon,0.0,704.3143591701714,1.028479739913527
Current Policies,2050,CarbonPrice,Europe,0.0,US$2010/t CO2,Price|Carbon,0.0,704.3143591701714,0.0
Net Zero 2050,2025,CarbonPrice,Global,109.11919425004625,US$2010/t CO2,Price|Carbon,5.347469036,59.91263348660148,1.7320508075688774
Delayed transition,2025,CarbonPrice,Global,5.347469036,US$2010/t CO2,Price|Carbon,5.347469036,59.91263348660148,0.0
Current Policies,2025,CarbonPrice,Global,5.347469036,US$2010/t CO2,Price|Carbon,5.347469036,59.91263348660148,0.0
Net Zero 2050,2030,CarbonPrice,Global,221.6642927222418,US$2010/t CO2,Price|Carbon,5.75342875304908,124.65619543357809,1.7320508075688772
Delayed transition,2030,CarbonPrice,Global,5.75342875304908,US$2010/t CO2,Price|Carbon,5.75342875304908,124.65619543357809,0.0
Current Policies,2030,CarbonPrice,Global,5.75342875304908,US$2010/t CO2,Price|Carbon,5.75342875304908,124.65619543357809,0.0
Net Zero 2050,2040,CarbonPrice,Global,381.10909047243354,US$2010/t CO2,Price|Carbon,5.933240087052267,187.82540017440348,1.9974713219671851
Delayed transition,2040,CarbonPrice,Global,209.8751806193752,US$2010/t CO2,Price|Carbon,5.933240087052267,187.82540017440348,1.085805968431078
Current Policies,2040,CarbonPrice,Global,5.933240087052267,US$2010/t CO2,Price|Carbon,5.933240087052267,187.82540017440348,0.0
Net Zero 2050,2050,CarbonPrice,Global,751.7223841493895,US$2010/t CO2,Price|Carbon,6.608196401780729,372.55794002231795,1.9999954576272703
Delayed transition,2050,CarbonPrice,Global,377.78999614883725,US$2010/t CO2,Price|Carbon,6.608196401780729,372.55794002231795,0.9963062382318868
Current Policies,2050,CarbonPrice,Global,6.608196401780729,US$2010/t CO2,Price|Carbon,6.608196401780729,372.55794002231795,0.0
Net Zero 2050,2025,CarbonPrice,Latin America,62.94342373035922,US$2010/t CO2,Price|Carbon,2.816408812,34.714348248683336,1.7320508075688776
Delayed transition,2025,CarbonPrice,Latin America,2.816408812,US$2010/t CO2,Price|Carbon,2.816408812,34.714348248683336,0.0
Current Policies,2025,CarbonPrice,Latin America,2.816408812,US$2010/t CO2,Price|Carbon,2.816408812,34.714348248683336,0.0
Net Zero 2050,2030,CarbonPrice,Latin America,180.57229357566774,US$2010/t CO2,Price|Carbon,4.434125543783165,101.69341872777609,1.7320508075688774
Delayed transition,2030,CarbonPrice,Latin America,4.434125543783165,US$2010/t CO2,Price|Carbon,4.434125543783165,101.69341872777609,0.0
Current Policies,2030,CarbonPrice,Latin America,4.434125543783165,US$2010/t CO2,Price|Carbon,4.434125543783165,101.69341872777609,0.0
Net Zero 2050,2040,CarbonPrice,Latin America,418.9081136269065,US$2010/t CO2,Price|Carbon,4.541800519086869,207.1897445562291,1.9999364060964178
Delayed transition,2040,CarbonPrice,Latin America,214.58671682892816,US$2010/t CO2,Price|Carbon,4.541800519086869,207.1897445562291,1.0137804685252523
Current Policies,2040,CarbonPrice,Latin America,4.541800519086869,US$2010/t CO2,Price|Carbon,4.541800519086869,207.1897445562291,0.0
Net Zero 2050,2050,CarbonPrice,Latin America,1280.2986030783827,US$2010/t CO2,Price|Carbon,4.780725634390572,637.9027841694499,1.9995490051116767
Delayed transition,2050,CarbonPrice,Latin America,619.0770474096961,US$2010/t CO2,Price|Carbon,4.780725634390572,637.9027841694499,0.962993636365955
Current Policies,2050,CarbonPrice,Latin America,4.780725634390572,US$2010/t CO2,Price|Carbon,4.780725634390572,637.9027841694499,0.0
Net Zero 2050,2025,CarbonPrice,Middle East & Africa,15.686350566300002,US$2010/t CO2,Price|Carbon,0.0,9.056518722056145,1.7320508075688772
Delayed transition,2025,CarbonPrice,Middle East & Africa,0.0,US$2010/t CO2,Price|Carbon,0.0,9.056518722056145,0.0
Current Policies,2025,CarbonPrice,Middle East & Africa,0.0,US$2010/t CO2,Price|Carbon,0.0,9.056518722056145,0.0
Net Zero 2050,2030,CarbonPrice,Middle East & Africa,115.41543646254499,US$2010/t CO2,Price|Carbon,0.0,66.6351333102885,1.7320508075688774
Delayed transition,2030,CarbonPrice,Middle East & Africa,0.0,US$2010/t CO2,Price|Carbon,0.0,66.6351333102885,0.0
Current Policies,2030,CarbonPrice,Middle East & Africa,0.0,US$2010/t CO2,Price|Carbon,0.0,66.6351333102885,0.0
Net Zero 2050,2040,CarbonPrice,Middle East & Africa,374.599261010945,US$2010/t CO2,Price|Carbon,0.0,188.5274148008681,1.9869750052352604
Delayed transition,2040,CarbonPrice,Middle East & Africa,150.093399413945,US$2010/t CO2,Price|Carbon,0.0,188.5274148008681,0.796135668504663
Current Policies,2040,CarbonPrice,Middle East & Africa,0.0,US$2010/t CO2,Price|Carbon,0.0,188.5274148008681,0.0
Net Zero 2050,2050,CarbonPrice,Middle East & Africa,1062.45732788812,US$2010/t CO2,Price|Carbon,0.0,545.8360898258613,1.9464768777511157
Delayed transition,2050,CarbonPrice,Middle East & Africa,313.974364373755,US$2010/t CO2,Price|Carbon,0.0,545.8360898258613,0.5752173046562798
Current Policies,2050,CarbonPrice,Middle East & Africa,0.0,US$2010/t CO2,Price|Carbon,0.0,545.8360898258613,0.0
Net Zero 2050,2025,CarbonPrice,North America,14.59436727190909,US$2010/t CO2,Price|Carbon,0.0,8.426061873088976,1.7320508075688774
Delayed transition,2025,CarbonPrice,North America,0.0,US$2010/t CO2,Price|Carbon,0.0,8.426061873088976,0.0
Current Policies,2025,CarbonPrice,North America,0.0,US$2010/t CO2,Price|Carbon,0.0,8.426061873088976,0.0
Net Zero 2050,2030,CarbonPrice,North America,136.9115449666363,US$2010/t CO2,Price|Carbon,0.0,79.04591734165503,1.7320508075688774
Delayed transition,2030,CarbonPrice,North America,0.0,US$2010/t CO2,Price|Carbon,0.0,79.04591734165503,0.0
Current Policies,2030,CarbonPrice,North America,0.0,US$2010/t CO2,Price|Carbon,0.0,79.04591734165503,0.0
Net Zero 2050,2040,CarbonPrice,North America,395.10078949333604,US$2010/t CO2,Price|Carbon,0.0,197.7431270128784,1.9980506805053424
Delayed transition,2040,CarbonPrice,North America,212.6685113225185,US$2010/t CO2,Price|Carbon,0.0,197.7431270128784,1.0754786501816977
Current Policies,2040,CarbonPrice,North America,0.0,US$2010/t CO2,Price|Carbon,0.0,197.7431270128784,0.0
Net Zero 2050,2050,CarbonPrice,North America,1444.5895703133651,US$2010/t CO2,Price|Carbon,0.0,735.7352227213421,1.963463927919759
Delayed transition,2050,CarbonPrice,North America,964.7606257710955,US$2010/t CO2,Price|Carbon,0.0,735.7352227213421,1.3112878056899775
Current Policies,2050,CarbonPrice,North America,0.0,US$2010/t CO2,Price|Carbon,0.0,735.7352227213421,0.0
Net Zero 2050,2025,CoalPrice,Asia-Pacific (developed),2.288332113096,US$2010/GJ,Price|Primary Energy|Coal,2.1302707699893335,0.09125613784400068,1.7320625970043488
Delayed transition,2025,CoalPrice,Asia-Pacific (developed),2.130272921728,US$2010/GJ,Price|Primary Energy|Coal,2.1302707699893335,0.09125613784400068,2.357911168708916e-05
Current Policies,2025,CoalPrice,Asia-Pacific (developed),2.1302707699893335,US$2010/GJ,Price|Primary Energy|Coal,2.1302707699893335,0.09125613784400068,0.0
Net Zero 2050,2030,CoalPrice,Asia-Pacific (developed),2.1695776560826663,US$2010/GJ,Price|Primary Energy|Coal,2.172987086,0.001993101974720279,-1.7106148910480223
Delayed transition,2030,CoalPrice,Asia-Pacific (developed),2.173071003808,US$2010/GJ,Price|Primary Energy|Coal,2.172987086,0.001993101974720279,0.04210412164769218
Current Policies,2030,CoalPrice,Asia-Pacific (developed),2.172987086,US$2010/GJ,Price|Primary Energy|Coal,2.172987086,0.001993101974720279,0.0
Net Zero 2050,2040,CoalPrice,Asia-Pacific (developed),2.3693138736853334,US$2010/GJ,Price|Primary Energy|Coal,2.2379480763466666,0.06703139730342371,1.9597651641368539
Delayed transition,2040,CoalPrice,Asia-Pacific (developed),2.280459977184,US$2010/GJ,Price|Primary Energy|Coal,2.2379480763466666,0.06703139730342371,0.6342087819667458
Current Policies,2040,CoalPrice,Asia-Pacific (developed),2.2379480763466666,US$2010/GJ,Price|Primary Energy|Coal,2.2379480763466666,0.06703139730342371,0.0
Net Zero 2050,2050,CoalPrice,Asia-Pacific (developed),3.6091865764533337,US$2010/GJ,Price|Primary Energy|Coal,2.2473102912853338,0.6816449716982096,1.9979261077435995
Delayed transition,2050,CoalPrice,Asia-Pacific (developed),2.9820010175013336,US$2010/GJ,Price|Primary Energy|Coal,2.2473102912853338,0.6816449716982096,1.0778202095229064
Current Policies,2050,CoalPrice,Asia-Pacific (developed),2.2473102912853338,US$2010/GJ,Price|Primary Energy|Coal,2.2473102912853338,0.6816449716982096,0.0
Net Zero 2050,2025,CoalPrice,Asia-Pacific (emerging),2.3287939738857935,US$2010/GJ,Price|Primary Energy|Coal,2.0965866000033992,0.13406497666136688,1.7320509775563833
Delayed transition,2025,CoalPrice,Asia-Pacific (emerging),2.096586645582148,US$2010/GJ,Price|Primary Energy|Coal,2.0965866000033992,0.13406497666136688,3.3997506216948736e-07
Current Policies,2025,CoalPrice,Asia-Pacific (emerging),2.0965866000033992,US$2010/GJ,Price|Primary Energy|Coal,2.0965866000033992,0.13406497666136688,0.0
Net Zero 2050,2030,CoalPrice,Asia-Pacific (emerging),1.8828800573889115,US$2010/GJ,Price|Primary Energy|Coal,2.1542339618194433,0.13606304624224216,-1.9943247775551212
Delayed transition,2030,CoalPrice,Asia-Pacific (emerging),2.0362982488755748,US$2010/GJ,Price|Primary Energy|Coal,2.1542339618194433,0.13606304624224216,-0.8667725455293692
Current Policies,2030,CoalPrice,Asia-Pacific (emerging),2.1542339618194433,US$2010/GJ,Price|Primary Energy|Coal,2.1542339618194433,0.13606304624224216,0.0
Net Zero 2050,2040,CoalPrice,Asia-Pacific (emerging),1.8250261345194714,US$2010/GJ,Price|Primary Energy|Coal,2.2643109516078237,0.2514255968361874,-1.7471761929417304
Delayed transition,2040,CoalPrice,Asia-Pacific (emerging),1.83273428594593,US$2010/GJ,Price|Primary Energy|Coal,2.2643109516078237,0.2514255968361874,-1.7165184097905557
Current Policies,2040,CoalPrice,Asia-Pacific (emerging),2.2643109516078237,US$2010/GJ,Price|Primary Energy|Coal,2.2643109516078237,0.2514255968361874,0.0
Net Zero 2050,2050,CoalPrice,Asia-Pacific (emerging),3.0232025432455294,US$2010/GJ,Price|Primary Energy|Coal,2.3947351968685164,0.4039144969546195,1.5559415448453744
Delayed transition,2050,CoalPrice,Asia-Pacific (emerging),2.2694095925372704,US$2010/GJ,Price|Primary Energy|Coal,2.3947351968685164,0.4039144969546195,-0.31027755942448043
Current Policies,2050,CoalPrice,Asia-Pacific (emerging),2.3947351968685164,US$2010/GJ,Price|Primary Energy|Coal,2.3947351968685164,0.4039144969546195,0.0
Net Zero 2050,2025,CoalPrice,Europe,1.9218501351279997,US$2010/GJ,Price|Primary Energy|Coal,1.5978208851840001,0.18707806410452954,1.7320536830173143
Delayed transition,2025,CoalPrice,Europe,1.5978219610533333,US$2010/GJ,Price|Primary Energy|Coal,1.5978208851840001,0.18707806410452954,5.75091119489513e-06
Current Policies,2025,CoalPrice,Europe,1.5978208851840001,US$2010/GJ,Price|Primary Energy|Coal,1.5978208851840001,0.18707806410452954,0.0
Net Zero 2050,2030,CoalPrice,Europe,2.02011143308,US$2010/GJ,Price|Primary Energy|Coal,1.567652433208,0.26120372474175946,1.7322073041620139
Delayed transition,2030,CoalPrice,Europe,1.5677341992773333,US$2010/GJ,Price|Primary Energy|Coal,1.567652433208,0.26120372474175946,0.0003130356177506216
Current Policies,2030,CoalPrice,Europe,1.567652433208,US$2010/GJ,Price|Primary Energy|Coal,1.567652433208,0.26120372474175946,0.0
Net Zero 2050,2040,CoalPrice,Europe,2.6702000984,US$2010/GJ,Price|Primary Energy|Coal,1.7181869944586667,0.47627869687235447,1.9988572031313812
Delayed transition,2040,CoalPrice,Europe,2.222076851941333,US$2010/GJ,Price|Primary Energy|Coal,1.7181869944586667,0.47627869687235447,1.057972697060838
Current Policies,2040,CoalPrice,Europe,1.7181869944586667,US$2010/GJ,Price|Primary Energy|Coal,1.7181869944586667,0.47627869687235447,0.0
Net Zero 2050,2050,CoalPrice,Europe,4.11694310832,US$2010/GJ,Price|Primary Energy|Coal,1.830108605336,1.1513426699341638,1.9862327373958668
Delayed transition,2050,CoalPrice,Europe,3.2071083857226665,US$2010/GJ,Price|Primary Energy|Coal,1.830108605336,1.1513426699341638,1.1959947427861821
Current Policies,2050,CoalPrice,Europe,1.830108605336,US$2010/GJ,Price|Primary Energy|Coal,1.830108605336,1.1513426699341638,0.0
Net Zero 2050,2025,CoalPrice,Global,2.4874353274333423,US$2010/GJ,Price|Primary Energy|Coal,2.1226959558842924,0.2105823161147872,1.732051286539334
Delayed transition,2025,CoalPrice,Global,2.1226961576097922,US$2010/GJ,Price|Primary Energy|Coal,2.1226959558842924,0.2105823161147872,9.579413104655106e-07
Current Policies,2025,CoalPrice,Global,2.1226959558842924,US$2010/GJ,Price|Primary Energy|Coal,2.1226959558842924,0.2105823161147872,0.0
Net Zero 2050,2030,CoalPrice,Global,1.6736657415865694,US$2010/GJ,Price|Primary Energy|Coal,2.1493677761076055,0.23786186024269024,-1.9999088295857006
Delayed transition,2030,CoalPrice,Global,1.9154505151625625,US$2010/GJ,Price|Primary Energy|Coal,2.1493677761076055,0.23786186024269024,-0.9834164279484634
Current Policies,2030,CoalPrice,Global,2.1493677761076055,US$2010/GJ,Price|Primary Energy|Coal,2.1493677761076055,0.23786186024269024,0.0
Net Zero 2050,2040,CoalPrice,Global,1.3142228253617274,US$2010/GJ,Price|Primary Energy|Coal,2.2791973613781265,0.5136703580565607,-1.8785871539625514
Delayed transition,2040,CoalPrice,Global,1.491440018079509,US$2010/GJ,Price|Primary Energy|Coal,2.2791973613781265,0.5136703580565607,-1.5335853645109043
Current Policies,2040,CoalPrice,Global,2.2791973613781265,US$2010/GJ,Price|Primary Energy|Coal,2.2791973613781265,0.5136703580565607,0.0
Net Zero 2050,2050,CoalPrice,Global,1.9541261769491354,US$2010/GJ,Price|Primary Energy|Coal,2.4622151948293824,0.42038351743711205,-1.2086321104543674
Delayed transition,2050,CoalPrice,Global,1.6280404697907431,US$2010/GJ,Price|Primary Energy|Coal,2.4622151948293824,0.42038351743711205,-1.9843183436977379
Current Policies,2050,CoalPrice,Global,2.4622151948293824,US$2010/GJ,Price|Primary Energy|Coal,2.4622151948293824,0.42038351743711205,0.0
Net Zero 2050,2025,CoalPrice,Latin America,2.416478721614856,US$2010/GJ,Price|Primary Energy|Coal,2.1709426156981277,0.141761663906492,1.7320345934898687
Delayed transition,2025,CoalPrice,Latin America,2.170938018693039,US$2010/GJ,Price|Primary Energy|Coal,2.1709426156981277,0.141761663906492,-3.242770268006686e-05
Current Policies,2025,CoalPrice,Latin America,2.1709426156981277,US$2010/GJ,Price|Primary Energy|Coal,2.1709426156981277,0.141761663906492,0.0
Net Zero 2050,2030,CoalPrice,Latin America,1.96095941137777,US$2010/GJ,Price|Primary Energy|Coal,2.186904239256047,0.11691426881726108,-1.9325684551937168
Delayed transition,2030,CoalPrice,Latin America,2.1260714438954533,US$2010/GJ,Price|Primary Energy|Coal,2.186904239256047,0.11691426881726108,-0.5203196836108729
Current Policies,2030,CoalPrice,Latin America,2.186904239256047,US$2010/GJ,Price|Primary Energy|Coal,2.186904239256047,0.11691426881726108,0.0
Net Zero 2050,2040,CoalPrice,Latin America,2.1373384052907287,US$2010/GJ,Price|Primary Energy|Coal,2.279413343655662,0.14994870712293948,-0.9474902524397852
Delayed transition,2040,CoalPrice,Latin America,1.9796514153089566,US$2010/GJ,Price|Primary Energy|Coal,2.279413343655662,0.14994870712293948,-1.9990964517015648
Current Policies,2040,CoalPrice,Latin America,2.279413343655662,US$2010/GJ,Price|Primary Energy|Coal,2.279413343655662,0.14994870712293948,0.0
Net Zero 2050,2050,CoalPrice,Latin America,3.4247518724638963,US$2010/GJ,Price|Primary Energy|Coal,2.4190668433743334,0.5501223160847001,1.8281116756854519
Delayed transition,2050,CoalPrice,Latin America,2.535448616495063,US$2010/GJ,Price|Primary Energy|Coal,2.4190668433743334,0.5501223160847001,0.2115561752685032
Current Policies,2050,CoalPrice,Latin America,2.4190668433743334,US$2010/GJ,Price|Primary Energy|Coal,2.4190668433743334,0.5501223160847001,0.0
Net Zero 2050,2025,CoalPrice,Middle East & Africa,2.3462741319119997,US$2010/GJ,Price|Primary Energy|Coal,2.1840990948223995,0.0936316149740396,1.7320542546934072
Delayed transition,2025,CoalPrice,Middle East & Africa,2.184099740344,US$2010/GJ,Price|Primary Energy|Coal,2.1840990948223995,0.0936316149740396,6.894269641684055e-06
Current Policies,2025,CoalPrice,Middle East & Africa,2.1840990948223995,US$2010/GJ,Price|Primary Energy|Coal,2.1840990948223995,0.0936316149740396,0.0
Net Zero 2050,2030,CoalPrice,Middle East & Africa,2.3678965234256,US$2010/GJ,Price|Primary Energy|Coal,2.2099651453344,0.091163094764602,1.7324047466686467
Delayed transition,2030,CoalPrice,Middle East & Africa,2.2100296974944,US$2010/GJ,Price|Primary Energy|Coal,2.2099651453344,0.091163094764602,0.0007080953116685316
Current Policies,2030,CoalPrice,Middle East & Africa,2.2099651453344,US$2010/GJ,Price|Primary Energy|Coal,2.2099651453344,0.091163094764602,0.0
Net Zero 2050,2040,CoalPrice,Middle East & Africa,2.6494478700032,US$2010/GJ,Price|Primary Energy|Coal,2.2799687352464,0.1847504017459644,1.9998827134613837
Delayed transition,2040,CoalPrice,Middle East & Africa,2.4612428199152,US$2010/GJ,Price|Primary Energy|Coal,2.2799687352464,0.1847504017459644,0.9811837103231619
Current Policies,2040,CoalPrice,Middle East & Africa,2.2799687352464,US$2010/GJ,Price|Primary Energy|Coal,2.2799687352464,0.1847504017459644,0.0
Net Zero 2050,2050,CoalPrice,Middle East & Africa,3.907096946592,US$2010/GJ,Price|Primary Energy|Coal,2.3404334524752004,0.7833317740243424,1.9999999311506478
Delayed transition,2050,CoalPrice,Middle East & Africa,3.1241212046960003,US$2010/GJ,Price|Primary Energy|Coal,2.3404334524752004,0.7833317740243424,1.0004544411554106
Current Policies,2050,CoalPrice,Middle East & Africa,2.3404334524752004,US$2010/GJ,Price|Primary Energy|Coal,2.3404334524752004,0.7833317740243424,0.0
Net Zero 2050,2025,CoalPrice,North America,1.899319817484,US$2010/GJ,Price|Primary Energy|Coal,1.802315672848,0.05600443731118154,1.7320796224950663
Delayed transition,2025,CoalPrice,North America,1.802318900456,US$2010/GJ,Price|Primary Energy|Coal,1.802315672848,0.05600443731118154,5.763129057157451e-05
Current Policies,2025,CoalPrice,North America,1.802315672848,US$2010/GJ,Price|Primary Energy|Coal,1.802315672848,0.05600443731118154,0.0
Net Zero 2050,2030,CoalPrice,North America,1.673179076768,US$2010/GJ,Price|Primary Energy|Coal,1.8055110047679999,0.07641305746922249,-1.731797318191336
Delayed transition,2030,CoalPrice,North America,1.805549736064,US$2010/GJ,Price|Primary Energy|Coal,1.8055110047679999,0.07641305746922249,0.0005068675077657114
Current Policies,2030,CoalPrice,North America,1.8055110047679999,US$2010/GJ,Price|Primary Energy|Coal,1.8055110047679999,0.07641305746922249,0.0
Net Zero 2050,2040,CoalPrice,North America,1.928421545016,US$2010/GJ,Price|Primary Energy|Coal,1.806245285588,0.06867278014879694,1.7791075177570252
Delayed transition,2040,CoalPrice,North America,1.81299582772,US$2010/GJ,Price|Primary Energy|Coal,1.806245285588,0.06867278014879694,0.09830011421371374
Current Policies,2040,CoalPrice,North America,1.806245285588,US$2010/GJ,Price|Primary Energy|Coal,1.806245285588,0.06867278014879694,0.0
Net Zero 2050,2050,CoalPrice,North America,2.9847095185479997,US$2010/GJ,Price|Primary Energy|Coal,1.7963881707559999,0.5967264248890642,1.9914005786033648
Delayed transition,2050,CoalPrice,North America,2.48629099456,US$2010/GJ,Price|Primary Energy|Coal,1.7963881707559999,0.5967264248890642,1.156145923875012
Current Policies,2050,CoalPrice,North America,1.7963881707559999,US$2010/GJ,Price|Primary Energy|Coal,1.7963881707559999,0.5967264248890642,0.0
Net Zero 2050,2025,GDP,Asia-Pacific (developed),2927.7420525612797,billion US$2010/yr,GDP|PPP|Counterfactual without damage,2928.213386177717,0.2721245903281821,-1.7320508075688772
Delayed transition,2025,GDP,Asia-Pacific (developed),2928.213386177717,billion US$2010/yr,GDP|PPP|Counterfactual without damage,2928.213386177717,0.2721245903281821,0.0
Current Policies,2025,GDP,Asia-Pacific (developed),2928.213386177717,billion US$2010/yr,GDP|PPP|Counterfactual without damage,2928.213386177717,0.2721245903281821,0.0
Net Zero 2050,2030,GDP,Asia-Pacific (developed),3109.29240688482,billion US$2010/yr,GDP|PPP|Counterfactual without damage,3138.1002722715434,16.632228835803186,-1.7320508075688774
Delayed transition,2030,GDP,Asia-Pacific (developed),3138.1002722715434,billion US$2010/yr,GDP|PPP|Counterfactual without damage,3138.1002722715434,16.632228835803186,0.0
Current Policies,2030,GDP,Asia-Pacific (developed),3138.1002722715434,billion US$2010/yr,GDP|PPP|Counterfactual without damage,3138.1002722715434,16.632228835803186,0.0
Net Zero 2050,2040,GDP,Asia-Pacific (developed),3405.935778592407,billion US$2010/yr,GDP|PPP|Counterfactual without damage,3519.1376926509965,56.62668843872868,-1.9990911914454679
Delayed transition,2040,GDP,Asia-Pacific (developed),3465.493172787337,billion US$2010/yr,GDP|PPP|Counterfactual without damage,3519.1376926509965,56.62668843872868,-0.9473363416210415
Current Policies,2040,GDP,Asia-Pacific (developed),3519.1376926509965,billion US$2010/yr,GDP|PPP|Counterfactual without damage,3519.1376926509965,56.62668843872868,0.0
Net Zero 2050,2050,GDP,Asia-Pacific (developed),3698.8437783147733,billion US$2010/yr,GDP|PPP|Counterfactual without damage,3870.2673776893803,98.88129723128324,-1.7336301623718322
Delayed transition,2050,GDP,Asia-Pacific (developed),3699.1565439939873,billion US$2010/yr,GDP|PPP|Counterfactual without damage,3870.2673776893803,98.88129723128324,-1.7304671205431799
Current Policies,2050,GDP,Asia-Pacific (developed),3870.2673776893803,billion US$2010/yr,GDP|PPP|Counterfactual without damage,3870.2673776893803,98.88129723128324,0.0
Net Zero 2050,2025,GDP,Asia-Pacific (emerging),31993.207401518604,billion US$2010/yr,GDP|PPP|Counterfactual without damage,31973.764850095646,11.225162297778397,1.7320508075688772
Delayed transition,2025,GDP,Asia-Pacific (emerging),31973.764850095646,billion US$2010/yr,GDP|PPP|Counterfactual without damage,31973.764850095646,11.225162297778397,0.0
Current Policies,2025,GDP,Asia-Pacific (emerging),31973.764850095646,billion US$2010/yr,GDP|PPP|Counterfactual without damage,31973.764850095646,11.225162297778397,0.0
Net Zero 2050,2030,GDP,Asia-Pacific (emerging),38992.52866860274,billion US$2010/yr,GDP|PPP|Counterfactual without damage,39530.105772082556,310.37028540425126,-1.7320508075688772
Delayed transition,2030,GDP,Asia-Pacific (emerging),39530.105772082556,billion US$2010/yr,GDP|PPP|Counterfactual without damage,39530.105772082556,310.37028540425126,0.0
Current Policies,2030,GDP,Asia-Pacific (emerging),39530.105772082556,billion US$2010/yr,GDP|PPP|Counterfactual without damage,39530.105772082556,310.37028540425126,0.0
Net Zero 2050,2040,GDP,Asia-Pacific (emerging),52354.79845543854,billion US$2010/yr,GDP|PPP|Counterfactual without damage,54275.29070592823,964.4150577504927,-1.9913544848306868
Delayed transition,2040,GDP,Asia-Pacific (emerging),53470.19401737087,billion US$2010/yr,GDP|PPP|Counterfactual without damage,54275.29070592823,964.4150577504927,-0.8348031089801249
Current Policies,2040,GDP,Asia-Pacific (emerging),54275.29070592823,billion US$2010/yr,GDP|PPP|Counterfactual without damage,54275.29070592823,964.4150577504927,0.0
Net Zero 2050,2050,GDP,Asia-Pacific (emerging),65248.155862757994,billion US$2010/yr,GDP|PPP|Counterfactual without damage,68984.16889679701,1871.3924434729283,-1.9963813827877426
Delayed transition,2050,GDP,Asia-Pacific (emerging),66921.26756306688,billion US$2010/yr,GDP|PPP|Counterfactual without damage,68984.16889679701,1871.3924434729283,-1.1023349703720076
Current Policies,2050,GDP,Asia-Pacific (emerging),68984.16889679701,billion US$2010/yr,GDP|PPP|Counterfactual without damage,68984.16889679701,1871.3924434729283,0.0
Net Zero 2050,2025,GDP,Europe,8014.435062611716,billion US$2010/yr,GDP|PPP|Counterfactual without damage,8015.385380070914,0.5486660408837002,-1.7320508075688772
Delayed transition,2025,GDP,Europe,8015.385380070914,billion US$2010/yr,GDP|PPP|Counterfactual without damage,8015.385380070914,0.5486660408837002,0.0
Current Policies,2025,GDP,Europe,8015.385380070914,billion US$2010/yr,GDP|PPP|Counterfactual without damage,8015.385380070914,0.5486660408837002,0.0
Net Zero 2050,2030,GDP,Europe,8801.664571938849,billion US$2010/yr,GDP|PPP|Counterfactual without damage,8824.512643359545,13.191340185202755,-1.7320508075688772
Delayed transition,2030,GDP,Europe,8824.512643359545,billion US$2010/yr,GDP|PPP|Counterfactual without damage,8824.512643359545,13.191340185202755,0.0
Current Policies,2030,GDP,Europe,8824.512643359545,billion US$2010/yr,GDP|PPP|Counterfactual without damage,8824.512643359545,13.191340185202755,0.0
Net Zero 2050,2040,GDP,Europe,10305.544952432223,billion US$2010/yr,GDP|PPP|Counterfactual without damage,10409.90074962998,52.18847598327524,-1.9995946467415489
Delayed transition,2040,GDP,Europe,10355.903024175013,billion US$2010/yr,GDP|PPP|Counterfactual without damage,10409.90074962998,52.18847598327524,-1.034667605014396
Current Policies,2040,GDP,Europe,10409.90074962998,billion US$2010/yr,GDP|PPP|Counterfactual without damage,10409.90074962998,52.18847598327524,0.0
Net Zero 2050,2050,GDP,Europe,11712.299169395808,billion US$2010/yr,GDP|PPP|Counterfactual without damage,11969.78146520874,128.7870416536143,-1.9992872924704348
Delayed transition,2050,GDP,Europe,11835.08575595438,billion US$2010/yr,GDP|PPP|Counterfactual without damage,11969.78146520874,128.7870416536143,-1.0458793642968949
Current Policies,2050,GDP,Europe,11969.78146520874,billion US$2010/yr,GDP|PPP|Counterfactual without damage,11969.78146520874,128.7870416536143,0.0
Net Zero 2050,2025,GDP,Global,138634.60111935844,billion US$2010/yr,GDP|PPP|Counterfactual without damage,138636.65019239936,1.183032871765487,-1.732050807568877
Delayed transition,2025,GDP,Global,138636.65019239936,billion US$2010/yr,GDP|PPP|Counterfactual without damage,138636.65019239936,1.183032871765487,0.0
Current Policies,2025,GDP,Global,138636.65019239936,billion US$2010/yr,GDP|PPP|Counterfactual without damage,138636.65019239936,1.183032871765487,0.0
Net Zero 2050,2030,GDP,Global,159489.83578546328,billion US$2010/yr,GDP|PPP|Counterfactual without damage,161557.5107829543,1193.7727163981076,-1.7320508075688772
Delayed transition,2030,GDP,Global,161557.5107829543,billion US$2010/yr,GDP|PPP|Counterfactual without damage,161557.5107829543,1193.7727163981076,0.0
Current Policies,2030,GDP,Global,161557.5107829543,billion US$2010/yr,GDP|PPP|Counterfactual without damage,161557.5107829543,1193.7727163981076,0.0
Net Zero 2050,2040,GDP,Global,203433.05255938089,billion US$2010/yr,GDP|PPP|Counterfactual without damage,210068.1696783565,3322.785191607662,-1.996854065599512
Delayed transition,2040,GDP,Global,207073.28727511372,billion US$2010/yr,GDP|PPP|Counterfactual without damage,210068.1696783565,3322.785191607662,-0.9013168864502394
Current Policies,2040,GDP,Global,210068.1696783565,billion US$2010/yr,GDP|PPP|Counterfactual without damage,210068.1696783565,3322.785191607662,0.0
Net Zero 2050,2050,GDP,Global,251707.48431169125,billion US$2010/yr,GDP|PPP|Counterfactual without damage,262428.37182708835,5421.413393822224,-1.9775078446542562
Delayed transition,2050,GDP,Global,255663.61410100633,billion US$2010/yr,GDP|PPP|Counterfactual without damage,262428.37182708835,5421.413393822224,-1.247784891997087
Current Policies,2050,GDP,Global,262428.37182708835,billion US$2010/yr,GDP|PPP|Counterfactual without damage,262428.37182708835,5421.413393822224,0.0
Net Zero 2050,2025,GDP,Latin America,5048.50803714185,billion US$2010/yr,GDP|PPP|Counterfactual without damage,5046.517596000601,1.1491817287062123,1.7320508075688774
Delayed transition,2025,GDP,Latin America,5046.517596000601,billion US$2010/yr,GDP|PPP|Counterfactual without damage,5046.517596000601,1.1491817287062123,0.0
Current Policies,2025,GDP,Latin America,5046.517596000601,billion US$2010/yr,GDP|PPP|Counterfactual without damage,5046.517596000601,1.1491817287062123,0.0
Net Zero 2050,2030,GDP,Latin America,5636.381596917429,billion US$2010/yr,GDP|PPP|Counterfactual without damage,5688.0735880163875,29.844384975931238,-1.7320508075688774
Delayed transition,2030,GDP,Latin America,5688.0735880163875,billion US$2010/yr,GDP|PPP|Counterfactual without damage,5688.0735880163875,29.844384975931238,0.0
Current Policies,2030,GDP,Latin America,5688.0735880163875,billion US$2010/yr,GDP|PPP|Counterfactual without damage,5688.0735880163875,29.844384975931238,0.0
Net Zero 2050,2040,GDP,Latin America,7325.332728813474,billion US$2010/yr,GDP|PPP|Counterfactual without damage,7511.6839615854715,93.96712854450543,-1.9831534245907725
Delayed transition,2040,GDP,Latin America,7439.588603119301,billion US$2010/yr,GDP|PPP|Counterfactual without damage,7511.6839615854715,93.96712854450543,-0.7672401996622024
Current Policies,2040,GDP,Latin America,7511.6839615854715,billion US$2010/yr,GDP|PPP|Counterfactual without damage,7511.6839615854715,93.96712854450543,0.0
Net Zero 2050,2050,GDP,Latin America,9471.050007346863,billion US$2010/yr,GDP|PPP|Counterfactual without damage,9923.385637037713,234.5914237402459,-1.928184852109954
Delayed transition,2050,GDP,Latin America,9589.311534787133,billion US$2010/yr,GDP|PPP|Counterfactual without damage,9923.385637037713,234.5914237402459,-1.424067840691766
Current Policies,2050,GDP,Latin America,9923.385637037713,billion US$2010/yr,GDP|PPP|Counterfactual without damage,9923.385637037713,234.5914237402459,0.0
Net Zero 2050,2025,GDP,Middle East & Africa,2442.3186126873566,billion US$2010/yr,GDP|PPP|Counterfactual without damage,2444.3646073334157,1.1812555596627954,-1.7320508075688774
Delayed transition,2025,GDP,Middle East & Africa,2444.3646073334157,billion US$2010/yr,GDP|PPP|Counterfactual without damage,2444.3646073334157,1.1812555596627954,0.0
Current Policies,2025,GDP,Middle East & Africa,2444.3646073334157,billion US$2010/yr,GDP|PPP|Counterfactual without damage,2444.3646073334157,1.1812555596627954,0.0
Net Zero 2050,2030,GDP,Middle East & Africa,2928.988557617719,billion US$2010/yr,GDP|PPP|Counterfactual without damage,3012.2309116210126,48.05999549177975,-1.7320508075688772
Delayed transition,2030,GDP,Middle East & Africa,3012.2309116210126,billion US$2010/yr,GDP|PPP|Counterfactual without damage,3012.2309116210126,48.05999549177975,0.0
Current Policies,2030,GDP,Middle East & Africa,3012.2309116210126,billion US$2010/yr,GDP|PPP|Counterfactual without damage,3012.2309116210126,48.05999549177975,0.0
Net Zero 2050,2040,GDP,Middle East & Africa,4163.996388881046,billion US$2010/yr,GDP|PPP|Counterfactual without damage,4540.8765305147945,188.44630349619945,-1.9999338519333127
Delayed transition,2040,GDP,Middle East & Africa,4355.0910850461605,billion US$2010/yr,GDP|PPP|Counterfactual without damage,4540.8765305147945,188.44630349619945,-0.9858800200470944
Current Policies,2040,GDP,Middle East & Africa,4540.8765305147945,billion US$2010/yr,GDP|PPP|Counterfactual without damage,4540.8765305147945,188.44630349619945,0.0
Net Zero 2050,2050,GDP,Middle East & Africa,5962.259341337985,billion US$2010/yr,GDP|PPP|Counterfactual without damage,6624.73260148665,356.9748729310489,-1.8557980137627925
Delayed transition,2050,GDP,Middle East & Africa,6062.97468301705,billion US$2010/yr,GDP|PPP|Counterfactual without damage,6624.73260148665,356.9748729310489,-1.5736623529189022
Current Policies,2050,GDP,Middle East & Africa,6624.73260148665,billion US$2010/yr,GDP|PPP|Counterfactual without damage,6624.73260148665,356.9748729310489,0.0
Net Zero 2050,2025,GDP,North America,10835.382668304894,billion US$2010/yr,GDP|PPP|Counterfactual without damage,10836.39658386797,0.5853844232779457,-1.7320508075688772
Delayed transition,2025,GDP,North America,10836.39658386797,billion US$2010/yr,GDP|PPP|Counterfactual without damage,10836.39658386797,0.5853844232779457,0.0
Current Policies,2025,GDP,North America,10836.39658386797,billion US$2010/yr,GDP|PPP|Counterfactual without damage,10836.39658386797,0.5853844232779457,0.0
Net Zero 2050,2030,GDP,North America,11858.5701185761,billion US$2010/yr,GDP|PPP|Counterfactual without damage,11896.220855575244,21.737663141643125,-1.7320508075688772
Delayed transition,2030,GDP,North America,11896.220855575244,billion US$2010/yr,GDP|PPP|Counterfactual without damage,11896.220855575244,21.737663141643125,0.0
Current Policies,2030,GDP,North America,11896.220855575244,billion US$2010/yr,GDP|PPP|Counterfactual without damage,11896.220855575244,21.737663141643125,0.0
Net Zero 2050,2040,GDP,North America,13672.99611057981,billion US$2010/yr,GDP|PPP|Counterfactual without damage,13802.914205636485,65.15596236564477,-1.9939555850252926
Delayed transition,2040,GDP,North America,13729.187904945755,billion US$2010/yr,GDP|PPP|Counterfactual without damage,13802.914205636485,65.15596236564477,-1.1315357492072704
Current Policies,2040,GDP,North America,13802.914205636485,billion US$2010/yr,GDP|PPP|Counterfactual without damage,13802.914205636485,65.15596236564477,0.0
Net Zero 2050,2050,GDP,North America,15353.218501639125,billion US$2010/yr,GDP|PPP|Counterfactual without damage,15626.22859334638,137.71455123863714,-1.9824346029648923
Delayed transition,2050,GDP,North America,15458.179764617606,billion US$2010/yr,GDP|PPP|Counterfactual without damage,15626.22859334638,137.71455123863714,-1.2202692251276612
Current Policies,2050,GDP,North America,15626.22859334638,billion US$2010/yr,GDP|PPP|Counterfactual without damage,15626.22859334638,137.71455123863714,0.0
Net Zero 2050,2025,GasPrice,Asia-Pacific (developed),6.351878750533333,US$2010/GJ,Price|Primary Energy|Gas,6.150777254746667,0.1161060027268682,1.7320508075688774
Delayed transition,2025,GasPrice,Asia-Pacific (developed),6.150777254746667,US$2010/GJ,Price|Primary Energy|Gas,6.150777254746667,0.1161060027268682,0.0
Current Policies,2025,GasPrice,Asia-Pacific (developed),6.150777254746667,US$2010/GJ,Price|Primary Energy|Gas,6.150777254746667,0.1161060027268682,0.0
Net Zero 2050,2030,GasPrice,Asia-Pacific (developed),6.786411615573333,US$2010/GJ,Price|Primary Energy|Gas,6.005018477466667,0.4511375386288101,1.7320508075688772
Delayed transition,2030,GasPrice,Asia-Pacific (developed),6.005018477466667,US$2010/GJ,Price|Primary Energy|Gas,6.005018477466667,0.4511375386288101,0.0
Current Policies,2030,GasPrice,Asia-Pacific (developed),6.005018477466667,US$2010/GJ,Price|Primary Energy|Gas,6.005018477466667,0.4511375386288101,0.0
Net Zero 2050,2040,GasPrice,Asia-Pacific (developed),7.6499366185866675,US$2010/GJ,Price|Primary Energy|Gas,6.286659551546666,0.6840924764396688,1.9928256982668788
Delayed transition,2040,GasPrice,Asia-Pacific (developed),6.8680270632000004,US$2010/GJ,Price|Primary Energy|Gas,6.286659551546666,0.6840924764396688,0.8498376048206779
Current Policies,2040,GasPrice,Asia-Pacific (developed),6.286659551546666,US$2010/GJ,Price|Primary Energy|Gas,6.286659551546666,0.6840924764396688,0.0
Net Zero 2050,2050,GasPrice,Asia-Pacific (developed),9.347905876533334,US$2010/GJ,Price|Primary Energy|Gas,6.44162777032,1.455783314028284,1.9963672328207962
Delayed transition,2050,GasPrice,Asia-Pacific (developed),7.742859452906667,US$2010/GJ,Price|Primary Energy|Gas,6.44162777032,1.455783314028284,0.8938361018756569
Current Policies,2050,GasPrice,Asia-Pacific (developed),6.44162777032,US$2010/GJ,Price|Primary Energy|Gas,6.44162777032,1.455783314028284,0.0
Net Zero 2050,2025,GasPrice,Asia-Pacific (emerging),5.806876717844487,US$2010/GJ,Price|Primary Energy|Gas,5.465342326009274,0.19718549160822998,1.7320462527424496
Delayed transition,2025,GasPrice,Asia-Pacific (emerging),5.465340529724983,US$2010/GJ,Price|Primary Energy|Gas,5.465342326009274,0.19718549160822998,-9.109616921806285e-06
Current Policies,2025,GasPrice,Asia-Pacific (emerging),5.465342326009274,US$2010/GJ,Price|Primary Energy|Gas,5.465342326009274,0.19718549160822998,0.0
Net Zero 2050,2030,GasPrice,Asia-Pacific (emerging),6.0955048091816,US$2010/GJ,Price|Primary Energy|Gas,5.389195223944908,0.40676409855913204,1.7364108281400221
Delayed transition,2030,GasPrice,Asia-Pacific (emerging),5.392755718866697,US$2010/GJ,Price|Primary Energy|Gas,5.389195223944908,0.40676409855913204,0.008753218227472253
Current Policies,2030,GasPrice,Asia-Pacific (emerging),5.389195223944908,US$2010/GJ,Price|Primary Energy|Gas,5.389195223944908,0.40676409855913204,0.0
Net Zero 2050,2040,GasPrice,Asia-Pacific (emerging),6.968877740379586,US$2010/GJ,Price|Primary Energy|Gas,5.873171150368419,0.5533643910671601,1.9800814936756284
Delayed transition,2040,GasPrice,Asia-Pacific (emerging),6.286092057275511,US$2010/GJ,Price|Primary Energy|Gas,5.873171150368419,0.5533643910671601,0.7462007197658234
Current Policies,2040,GasPrice,Asia-Pacific (emerging),5.873171150368419,US$2010/GJ,Price|Primary Energy|Gas,5.873171150368419,0.5533643910671601,0.0
Net Zero 2050,2050,GasPrice,Asia-Pacific (emerging),8.454411567252812,US$2010/GJ,Price|Primary Energy|Gas,6.224769846984421,1.174062039807278,1.8990833913976015
Delayed transition,2050,GasPrice,Asia-Pacific (emerging),6.701791076060213,US$2010/GJ,Price|Primary Energy|Gas,6.224769846984421,1.174062039807278,0.40629984864692126
Current Policies,2050,GasPrice,Asia-Pacific (emerging),6.224769846984421,US$2010/GJ,Price|Primary Energy|Gas,6.224769846984421,1.174062039807278,0.0
Net Zero 2050,2025,GasPrice,Europe,6.558348834293334,US$2010/GJ,Price|Primary Energy|Gas,6.330221500853334,0.1317093773710954,1.7320508075688774
Delayed transition,2025,GasPrice,Europe,6.330221500853334,US$2010/GJ,Price|Primary Energy|Gas,6.330221500853334,0.1317093773710954,0.0
Current Policies,2025,GasPrice,Europe,6.330221500853334,US$2010/GJ,Price|Primary Energy|Gas,6.330221500853334,0.1317093773710954,0.0
Net Zero 2050,2030,GasPrice,Europe,7.1119373997599995,US$2010/GJ,Price|Primary Energy|Gas,6.172843334773333,0.5421893170083634,1.7320408859553036
Delayed transition,2030,GasPrice,Europe,6.17283257608,US$2010/GJ,Price|Primary Energy|Gas,6.172843334773333,0.5421893170083634,-1.9843056650455363e-05
Current Policies,2030,GasPrice,Europe,6.172843334773333,US$2010/GJ,Price|Primary Energy|Gas,6.172843334773333,0.5421893170083634,0.0
Net Zero 2050,2040,GasPrice,Europe,7.9836174923200005,US$2010/GJ,Price|Primary Energy|Gas,6.332007443946666,0.828419286904232,1.993688551778329
Delayed transition,2040,GasPrice,Europe,7.043910181813334,US$2010/GJ,Price|Primary Energy|Gas,6.332007443946666,0.828419286904232,0.859350752837996
Current Policies,2040,GasPrice,Europe,6.332007443946666,US$2010/GJ,Price|Primary Energy|Gas,6.332007443946666,0.828419286904232,0.0
Net Zero 2050,2050,GasPrice,Europe,9.814305991226666,US$2010/GJ,Price|Primary Energy|Gas,6.440681005306668,1.6908648797122223,1.995206729052279
Delayed transition,2050,GasPrice,Europe,7.924853509333334,US$2010/GJ,Price|Primary Energy|Gas,6.440681005306668,1.6908648797122223,0.8777593773662543
Current Policies,2050,GasPrice,Europe,6.440681005306668,US$2010/GJ,Price|Primary Energy|Gas,6.440681005306668,1.6908648797122223,0.0
Net Zero 2050,2025,GasPrice,Global,5.092397090072775,US$2010/GJ,Price|Primary Energy|Gas,4.605849973544091,0.28090810870127214,1.7320508075688772
Delayed transition,2025,GasPrice,Global,4.605849973544091,US$2010/GJ,Price|Primary Energy|Gas,4.605849973544091,0.28090810870127214,0.0
Current Policies,2025,GasPrice,Global,4.605849973544091,US$2010/GJ,Price|Primary Energy|Gas,4.605849973544091,0.28090810870127214,0.0
Net Zero 2050,2030,GasPrice,Global,5.137171495711648,US$2010/GJ,Price|Primary Energy|Gas,4.588689560995225,0.3178202858403993,1.7257612529863997
Delayed transition,2030,GasPrice,Global,4.584713207285326,US$2010/GJ,Price|Primary Energy|Gas,4.588689560995225,0.3178202858403993,-0.012511327586861987
Current Policies,2030,GasPrice,Global,4.588689560995225,US$2010/GJ,Price|Primary Energy|Gas,4.588689560995225,0.3178202858403993,0.0
Net Zero 2050,2040,GasPrice,Global,5.659382157517991,US$2010/GJ,Price|Primary Energy|Gas,5.225799755466633,0.21694545057560333,1.9985779876967678
Delayed transition,2040,GasPrice,Global,5.428423703763373,US$2010/GJ,Price|Primary Energy|Gas,5.225799755466633,0.21694545057560333,0.9339856989816353
Current Policies,2040,GasPrice,Global,5.225799755466633,US$2010/GJ,Price|Primary Energy|Gas,5.225799755466633,0.21694545057560333,0.0
Net Zero 2050,2050,GasPrice,Global,5.977646764819152,US$2010/GJ,Price|Primary Energy|Gas,5.696551130809974,0.29572395326950557,0.9505338708664022
Delayed transition,2050,GasPrice,Global,5.386436210262668,US$2010/GJ,Price|Primary Energy|Gas,5.696551130809974,0.29572395326950557,-1.0486635158183646
Current Policies,2050,GasPrice,Global,5.696551130809974,US$2010/GJ,Price|Primary Energy|Gas,5.696551130809974,0.29572395326950557,0.0
Net Zero 2050,2025,GasPrice,Latin America,5.597587243540404,US$2010/GJ,Price|Primary Energy|Gas,5.264512159106308,0.19230171041417976,1.7320443157615062
Delayed transition,2025,GasPrice,Latin America,5.264509662349023,US$2010/GJ,Price|Primary Energy|Gas,5.264512159106308,0.19230171041417976,-1.2983541747946527e-05
Current Policies,2025,GasPrice,Latin America,5.264512159106308,US$2010/GJ,Price|Primary Energy|Gas,5.264512159106308,0.19230171041417976,0.0
Net Zero 2050,2030,GasPrice,Latin America,6.14960445572763,US$2010/GJ,Price|Primary Energy|Gas,5.207446257186169,0.5439589139876709,1.7320392667796507
Delayed transition,2030,GasPrice,Latin America,5.207433701881305,US$2010/GJ,Price|Primary Energy|Gas,5.207446257186169,0.5439589139876709,-2.3081347766091035e-05
Current Policies,2030,GasPrice,Latin America,5.207446257186169,US$2010/GJ,Price|Primary Energy|Gas,5.207446257186169,0.5439589139876709,0.0
Net Zero 2050,2040,GasPrice,Latin America,7.161307634582277,US$2010/GJ,Price|Primary Energy|Gas,5.608645907857585,0.781087279022182,1.9878210392421443
Delayed transition,2040,GasPrice,Latin America,6.235902346438046,US$2010/GJ,Price|Primary Energy|Gas,5.608645907857585,0.781087279022182,0.803055504073377
Current Policies,2040,GasPrice,Latin America,5.608645907857585,US$2010/GJ,Price|Primary Energy|Gas,5.608645907857585,0.781087279022182,0.0
Net Zero 2050,2050,GasPrice,Latin America,8.65864219497633,US$2010/GJ,Price|Primary Energy|Gas,5.906473835702316,1.3838142034411525,1.9888279455653468
Delayed transition,2050,GasPrice,Latin America,7.029571374200609,US$2010/GJ,Price|Primary Energy|Gas,5.906473835702316,1.3838142034411525,0.8115956142851175
Current Policies,2050,GasPrice,Latin America,5.906473835702316,US$2010/GJ,Price|Primary Energy|Gas,5.906473835702316,1.3838142034411525,0.0
Net Zero 2050,2025,GasPrice,Middle East & Africa,6.115135855472,US$2010/GJ,Price|Primary Energy|Gas,5.925313773776001,0.10959382996532055,1.7320508075688772
Delayed transition,2025,GasPrice,Middle East & Africa,5.925313773776001,US$2010/GJ,Price|Primary Energy|Gas,5.925313773776001,0.10959382996532055,0.0
Current Policies,2025,GasPrice,Middle East & Africa,5.925313773776001,US$2010/GJ,Price|Primary Energy|Gas,5.925313773776001,0.10959382996532055,0.0
Net Zero 2050,2030,GasPrice,Middle East & Africa,6.876418844,US$2010/GJ,Price|Primary Energy|Gas,5.987445227776,0.5132528835906904,1.732038230364702
Delayed transition,2030,GasPrice,Middle East & Africa,5.987432317344,US$2010/GJ,Price|Primary Energy|Gas,5.987445227776,0.5132528835906904,-2.515413437055087e-05
Current Policies,2030,GasPrice,Middle East & Africa,5.987445227776,US$2010/GJ,Price|Primary Energy|Gas,5.987445227776,0.5132528835906904,0.0
Net Zero 2050,2040,GasPrice,Middle East & Africa,8.332805946624,US$2010/GJ,Price|Primary Energy|Gas,6.531361727936,0.9099376447350811,1.9797446881236254
Delayed transition,2040,GasPrice,Middle East & Africa,7.20834605072,US$2010/GJ,Price|Primary Energy|Gas,6.531361727936,0.9099376447350811,0.7439897961152024
Current Policies,2040,GasPrice,Middle East & Africa,6.531361727936,US$2010/GJ,Price|Primary Energy|Gas,6.531361727936,0.9099376447350811,0.0
Net Zero 2050,2050,GasPrice,Middle East & Africa,10.74351281704,US$2010/GJ,Price|Primary Energy|Gas,6.7425376641599994,2.0293007277918687,1.9716028768360803
Delayed transition,2050,GasPrice,Middle East & Africa,8.152828069328,US$2010/GJ,Price|Primary Energy|Gas,6.7425376641599994,2.0293007277918687,0.6949637310299358
Current Policies,2050,GasPrice,Middle East & Africa,6.7425376641599994,US$2010/GJ,Price|Primary Energy|Gas,6.7425376641599994,2.0293007277918687,0.0
Net Zero 2050,2025,GasPrice,North America,5.80054413132,US$2010/GJ,Price|Primary Energy|Gas,5.63224051216,0.09717013982761402,1.7320508075688772
Delayed transition,2025,GasPrice,North America,5.63224051216,US$2010/GJ,Price|Primary Energy|Gas,5.63224051216,0.09717013982761402,0.0
Current Policies,2025,GasPrice,North America,5.63224051216,US$2010/GJ,Price|Primary Energy|Gas,5.63224051216,0.09717013982761402,0.0
Net Zero 2050,2030,GasPrice,North America,5.58056650808,US$2010/GJ,Price|Primary Energy|Gas,5.4201221144,0.09263727288340307,1.731963697613835
Delayed transition,2030,GasPrice,North America,5.42010597636,US$2010/GJ,Price|Primary Energy|Gas,5.4201221144,0.09263727288340307,-0.00017420676901574002
Current Policies,2030,GasPrice,North America,5.4201221144,US$2010/GJ,Price|Primary Energy|Gas,5.4201221144,0.09263727288340307,0.0
Net Zero 2050,2040,GasPrice,North America,5.809097292520001,US$2010/GJ,Price|Primary Energy|Gas,5.48343164532,0.16359958884176526,1.9906263182298536
Delayed transition,2040,GasPrice,North America,5.67366686084,US$2010/GJ,Price|Primary Energy|Gas,5.48343164532,0.16359958884176526,1.1628098631959116
Current Policies,2040,GasPrice,North America,5.48343164532,US$2010/GJ,Price|Primary Energy|Gas,5.48343164532,0.16359958884176526,0.0
Net Zero 2050,2050,GasPrice,North America,7.89621386768,US$2010/GJ,Price|Primary Energy|Gas,5.90895948404,0.9938179002682133,1.9996162104784752
Delayed transition,2050,GasPrice,North America,6.86886624128,US$2010/GJ,Price|Primary Energy|Gas,5.90895948404,0.9938179002682133,0.9658779108133778
Current Policies,2050,GasPrice,North America,5.90895948404,US$2010/GJ,Price|Primary Energy|Gas,5.90895948404,0.9938179002682133,0.0
Net Zero 2050,2025,OilPrice,Asia-Pacific (developed),15.681839126586667,US$2010/GJ,Price|Primary Energy|Oil,15.441672815306665,0.13866008446778816,1.7320508075688772
Delayed transition,2025,OilPrice,Asia-Pacific (developed),15.441672815306665,US$2010/GJ,Price|Primary Energy|Oil,15.441672815306665,0.13866008446778816,0.0
Current Policies,2025,OilPrice,Asia-Pacific (developed),15.441672815306665,US$2010/GJ,Price|Primary Energy|Oil,15.441672815306665,0.13866008446778816,0.0
Net Zero 2050,2030,OilPrice,Asia-Pacific (developed),16.17504990506667,US$2010/GJ,Price|Primary Energy|Oil,15.384425808080001,0.4564297705808613,1.7321922187076086
Delayed transition,2030,OilPrice,Asia-Pacific (developed),15.384554912399999,US$2010/GJ,Price|Primary Energy|Oil,15.384425808080001,0.4564297705808613,0.00028285692195987195
Current Policies,2030,OilPrice,Asia-Pacific (developed),15.384425808080001,US$2010/GJ,Price|Primary Energy|Oil,15.384425808080001,0.4564297705808613,0.0
Net Zero 2050,2040,OilPrice,Asia-Pacific (developed),16.22477658565333,US$2010/GJ,Price|Primary Energy|Oil,15.53731759904,0.3465503337799133,1.9837204573287799
Delayed transition,2040,OilPrice,Asia-Pacific (developed),15.804617334906666,US$2010/GJ,Price|Primary Energy|Oil,15.53731759904,0.3465503337799133,0.7713157651621915
Current Policies,2040,OilPrice,Asia-Pacific (developed),15.53731759904,US$2010/GJ,Price|Primary Energy|Oil,15.53731759904,0.3465503337799133,0.0
Net Zero 2050,2050,OilPrice,Asia-Pacific (developed),18.75758817018667,US$2010/GJ,Price|Primary Energy|Oil,15.336603416213334,2.1306878778762335,1.605577611575472
Delayed transition,2050,OilPrice,Asia-Pacific (developed),14.84660948704,US$2010/GJ,Price|Primary Energy|Oil,15.336603416213334,2.1306878778762335,-0.22996983005400876
Current Policies,2050,OilPrice,Asia-Pacific (developed),15.336603416213334,US$2010/GJ,Price|Primary Energy|Oil,15.336603416213334,2.1306878778762335,0.0
Net Zero 2050,2025,OilPrice,Asia-Pacific (emerging),13.511635688917966,US$2010/GJ,Price|Primary Energy|Oil,13.526052269390096,0.008323617430944638,-1.7320090203248997
Delayed transition,2025,OilPrice,Asia-Pacific (emerging),13.526052965006988,US$2010/GJ,Price|Primary Energy|Oil,13.526052269390096,0.008323617430944638,8.357146371262576e-05
Current Policies,2025,OilPrice,Asia-Pacific (emerging),13.526052269390096,US$2010/GJ,Price|Primary Energy|Oil,13.526052269390096,0.008323617430944638,0.0
Net Zero 2050,2030,OilPrice,Asia-Pacific (emerging),13.725467274025553,US$2010/GJ,Price|Primary Energy|Oil,13.818621126511974,0.05428798810303284,-1.7159201462692966
Delayed transition,2030,OilPrice,Asia-Pacific (emerging),13.820348721610234,US$2010/GJ,Price|Primary Energy|Oil,13.818621126511974,0.05428798810303284,0.03182278729837214
Current Policies,2030,OilPrice,Asia-Pacific (emerging),13.818621126511974,US$2010/GJ,Price|Primary Energy|Oil,13.818621126511974,0.05428798810303284,0.0
Net Zero 2050,2040,OilPrice,Asia-Pacific (emerging),13.800475326325635,US$2010/GJ,Price|Primary Energy|Oil,14.342872883337025,0.2783869042868628,-1.9483587362014616
Delayed transition,2040,OilPrice,Asia-Pacific (emerging),13.962809633830336,US$2010/GJ,Price|Primary Energy|Oil,14.342872883337025,0.2783869042868628,-1.3652339375671712
Current Policies,2040,OilPrice,Asia-Pacific (emerging),14.342872883337025,US$2010/GJ,Price|Primary Energy|Oil,14.342872883337025,0.2783869042868628,0.0
Net Zero 2050,2050,OilPrice,Asia-Pacific (emerging),15.864927812211542,US$2010/GJ,Price|Primary Energy|Oil,14.927376396586272,0.9474806930604588,0.9895203379784806
Delayed transition,2050,OilPrice,Asia-Pacific (emerging),13.97000099092556,US$2010/GJ,Price|Primary Energy|Oil,14.927376396586272,0.9474806930604588,-1.0104431812412906
Current Policies,2050,OilPrice,Asia-Pacific (emerging),14.927376396586272,US$2010/GJ,Price|Primary Energy|Oil,14.927376396586272,0.9474806930604588,0.0
Net Zero 2050,2025,OilPrice,Europe,15.35770121384,US$2010/GJ,Price|Primary Energy|Oil,15.012002879653332,0.19958902630107808,1.7320508075688772
Delayed transition,2025,OilPrice,Europe,15.012002879653332,US$2010/GJ,Price|Primary Energy|Oil,15.012002879653332,0.19958902630107808,0.0
Current Policies,2025,OilPrice,Europe,15.012002879653332,US$2010/GJ,Price|Primary Energy|Oil,15.012002879653332,0.19958902630107808,0.0
Net Zero 2050,2030,OilPrice,Europe,15.862025722533332,US$2010/GJ,Price|Primary Energy|Oil,14.93488456584,0.5352479310792954,1.7321713973257369
Delayed transition,2030,OilPrice,Europe,14.935013670159998,US$2010/GJ,Price|Primary Energy|Oil,14.93488456584,0.5352479310792954,0.00024120470627284478
Current Policies,2030,OilPrice,Europe,14.93488456584,US$2010/GJ,Price|Primary Energy|Oil,14.93488456584,0.5352479310792954,0.0
Net Zero 2050,2040,OilPrice,Europe,16.02013547976,US$2010/GJ,Price|Primary Energy|Oil,15.217483163626667,0.40278845872053803,1.9927391134367824
Delayed transition,2040,OilPrice,Europe,15.559415955146667,US$2010/GJ,Price|Primary Energy|Oil,15.217483163626667,0.40278845872053803,0.8489140741672513
Current Policies,2040,OilPrice,Europe,15.217483163626667,US$2010/GJ,Price|Primary Energy|Oil,15.217483163626667,0.40278845872053803,0.0
Net Zero 2050,2050,OilPrice,Europe,18.47491426154667,US$2010/GJ,Price|Primary Energy|Oil,15.091186862586667,2.0765637196214657,1.6294840206381036
Delayed transition,2050,OilPrice,Europe,14.69759082568,US$2010/GJ,Price|Primary Energy|Oil,15.091186862586667,2.0765637196214657,-0.18954199824815143
Current Policies,2050,OilPrice,Europe,15.091186862586667,US$2010/GJ,Price|Primary Energy|Oil,15.091186862586667,2.0765637196214657,0.0
Net Zero 2050,2025,OilPrice,Global,11.152624626776506,US$2010/GJ,Price|Primary Energy|Oil,11.425886692828257,0.15776792739429205,-1.7320508075688772
Delayed transition,2025,OilPrice,Global,11.425886692828257,US$2010/GJ,Price|Primary Energy|Oil,11.425886692828257,0.15776792739429205,0.0
Current Policies,2025,OilPrice,Global,11.425886692828257,US$2010/GJ,Price|Primary Energy|Oil,11.425886692828257,0.15776792739429205,0.0
Net Zero 2050,2030,OilPrice,Global,11.05978333664624,US$2010/GJ,Price|Primary Energy|Oil,12.010020662324713,0.5429467972814012,-1.7501481368642833
Delayed transition,2030,OilPrice,Global,11.990050813281535,US$2010/GJ,Price|Primary Energy|Oil,12.010020662324713,0.5429467972814012,-0.03678048962286904
Current Policies,2030,OilPrice,Global,12.010020662324713,US$2010/GJ,Price|Primary Energy|Oil,12.010020662324713,0.5429467972814012,0.0
Net Zero 2050,2040,OilPrice,Global,11.147529211147422,US$2010/GJ,Price|Primary Energy|Oil,13.048309058660237,0.9528338831291915,-1.994870124969197
Delayed transition,2040,OilPrice,Global,11.97979121701805,US$2010/GJ,Price|Primary Energy|Oil,13.048309058660237,0.9528338831291915,-1.1214104164023628
Current Policies,2040,OilPrice,Global,13.048309058660237,US$2010/GJ,Price|Primary Energy|Oil,13.048309058660237,0.9528338831291915,0.0
Net Zero 2050,2050,OilPrice,Global,13.049870946026818,US$2010/GJ,Price|Primary Energy|Oil,14.608885910693797,0.9381457398113413,-1.6618046626534728
Delayed transition,2050,OilPrice,Global,12.925245394821093,US$2010/GJ,Price|Primary Energy|Oil,14.608885910693797,0.9381457398113413,-1.794647083523802
Current Policies,2050,OilPrice,Global,14.608885910693797,US$2010/GJ,Price|Primary Energy|Oil,14.608885910693797,0.9381457398113413,0.0
Net Zero 2050,2025,OilPrice,Latin America,13.38855253157008,US$2010/GJ,Price|Primary Energy|Oil,13.44801081443224,0.03432675704277905,-1.7321264221977846
Delayed transition,2025,OilPrice,Latin America,13.448005622882263,US$2010/GJ,Price|Primary Energy|Oil,13.44801081443224,0.03432675704277905,-0.0001512391622371461
Current Policies,2025,OilPrice,Latin America,13.44801081443224,US$2010/GJ,Price|Primary Energy|Oil,13.44801081443224,0.03432675704277905,0.0
Net Zero 2050,2030,OilPrice,Latin America,13.40844413874714,US$2010/GJ,Price|Primary Energy|Oil,13.711414386359834,0.17581671777642752,-1.7232163780804892
Delayed transition,2030,OilPrice,Latin America,13.714497456387647,US$2010/GJ,Price|Primary Energy|Oil,13.711414386359834,0.17581671777642752,0.017535704606507056
Current Policies,2030,OilPrice,Latin America,13.711414386359834,US$2010/GJ,Price|Primary Energy|Oil,13.711414386359834,0.17581671777642752,0.0
Net Zero 2050,2040,OilPrice,Latin America,13.267684144565376,US$2010/GJ,Price|Primary Energy|Oil,14.41072726363824,0.5722930006534795,-1.997304034415355
Delayed transition,2040,OilPrice,Latin America,13.78775517693226,US$2010/GJ,Price|Primary Energy|Oil,14.41072726363824,0.5722930006534795,-1.0885544397618563
Current Policies,2040,OilPrice,Latin America,14.41072726363824,US$2010/GJ,Price|Primary Energy|Oil,14.41072726363824,0.5722930006534795,0.0
Net Zero 2050,2050,OilPrice,Latin America,16.683415828080307,US$2010/GJ,Price|Primary Energy|Oil,15.117367048038124,1.300309179782822,1.2043664725213616
Delayed transition,2050,OilPrice,Latin America,14.102328507297692,US$2010/GJ,Price|Primary Energy|Oil,15.117367048038124,1.300309179782822,-0.7806132237795665
Current Policies,2050,OilPrice,Latin America,15.117367048038124,US$2010/GJ,Price|Primary Energy|Oil,15.117367048038124,1.300309179782822,0.0
Net Zero 2050,2025,OilPrice,Middle East & Africa,14.568331580495999,US$2010/GJ,Price|Primary Energy|Oil,14.417750756864,0.08693787905872953,1.7320508075688774
Delayed transition,2025,OilPrice,Middle East & Africa,14.417750756864,US$2010/GJ,Price|Primary Energy|Oil,14.417750756864,0.08693787905872953,0.0
Current Policies,2025,OilPrice,Middle East & Africa,14.417750756864,US$2010/GJ,Price|Primary Energy|Oil,14.417750756864,0.08693787905872953,0.0
Net Zero 2050,2030,OilPrice,Middle East & Africa,14.85164455552,US$2010/GJ,Price|Primary Energy|Oil,14.580519028304,0.15651762767479446,1.7322363700741306
Delayed transition,2030,OilPrice,Middle East & Africa,14.580577125248002,US$2010/GJ,Price|Primary Energy|Oil,14.580519028304,0.15651762767479446,0.0003711846701573067
Current Policies,2030,OilPrice,Middle East & Africa,14.580519028304,US$2010/GJ,Price|Primary Energy|Oil,14.580519028304,0.15651762767479446,0.0
Net Zero 2050,2040,OilPrice,Middle East & Africa,14.920831560608002,US$2010/GJ,Price|Primary Energy|Oil,15.383489801760001,0.23618768904864856,-1.958858410510564
Delayed transition,2040,OilPrice,Middle East & Africa,15.234709983392,US$2010/GJ,Price|Primary Energy|Oil,15.383489801760001,0.23618768904864856,-0.6299219869049026
Current Policies,2040,OilPrice,Middle East & Africa,15.383489801760001,US$2010/GJ,Price|Primary Energy|Oil,15.383489801760001,0.23618768904864856,0.0
Net Zero 2050,2050,OilPrice,Middle East & Africa,18.256790361168,US$2010/GJ,Price|Primary Energy|Oil,15.787412032528001,1.6515266621199516,1.4952094842176074
Delayed transition,2050,OilPrice,Middle East & Africa,15.122298851968,US$2010/GJ,Price|Primary Energy|Oil,15.787412032528001,1.6515266621199516,-0.4027262749159861
Current Policies,2050,OilPrice,Middle East & Africa,15.787412032528001,US$2010/GJ,Price|Primary Energy|Oil,15.787412032528001,1.6515266621199516,0.0
Net Zero 2050,2025,OilPrice,North America,15.67329672408,US$2010/GJ,Price|Primary Energy|Oil,15.424512699440001,0.14363552359598195,1.7320508075688772
Delayed transition,2025,OilPrice,North America,15.424512699440001,US$2010/GJ,Price|Primary Energy|Oil,15.424512699440001,0.14363552359598195,0.0
Current Policies,2025,OilPrice,North America,15.424512699440001,US$2010/GJ,Price|Primary Energy|Oil,15.424512699440001,0.14363552359598195,0.0
Net Zero 2050,2030,OilPrice,North America,16.03874263988,US$2010/GJ,Price|Primary Energy|Oil,15.36265559212,0.39030177515105524,1.7322161742624385
Delayed transition,2030,OilPrice,North America,15.36278469644,US$2010/GJ,Price|Primary Energy|Oil,15.36265559212,0.39030177515105524,0.00033078076560358837
Current Policies,2030,OilPrice,North America,15.36265559212,US$2010/GJ,Price|Primary Energy|Oil,15.36265559212,0.39030177515105524,0.0
Net Zero 2050,2040,OilPrice,North America,15.08445192056,US$2010/GJ,Price|Primary Energy|Oil,15.30239615076,0.10905043392367314,-1.9985636219709553
Delayed transition,2040,OilPrice,North America,15.2005812564,US$2010/GJ,Price|Primary Energy|Oil,15.30239615076,0.10905043392367314,-0.9336496031850996
Current Policies,2040,OilPrice,North America,15.30239615076,US$2010/GJ,Price|Primary Energy|Oil,15.30239615076,0.10905043392367314,0.0
Net Zero 2050,2050,OilPrice,North America,15.61245631328,US$2010/GJ,Price|Primary Energy|Oil,14.685051568599999,0.9395342622837178,0.9870898613380695
Delayed transition,2050,OilPrice,North America,13.73343976392,US$2010/GJ,Price|Primary Energy|Oil,14.685051568599999,0.9395342622837178,-1.0128548184788113
Current Policies,2050,OilPrice,North America,14.685051568599999,US$2010/GJ,Price|Primary Energy|Oil,14.685051568599999,0.9395342622837178,0.0
